INSERT INTO PRODUCTS VALUES(10001,'PRODUCT-1','SHIRT','LEVIS','BLUE','M',300.0);
INSERT INTO PRODUCTS VALUES(10002,'PRODUCT-2','SHIRT','PUMA','BLACK','L',200.0);
INSERT INTO PRODUCTS VALUES(10003,'PRODUCT-3','PANT','LEVIS','GREEN','M',600.0);
INSERT INTO PRODUCTS VALUES(10004,'PRODUCT-4','PANT','NIKE','BLUE','M',1200.0);
INSERT INTO PRODUCTS VALUES(10005,'PRODUCT-5','SHOES','PUMA','GREEN','M',600.0);
INSERT INTO PRODUCTS VALUES(10006,'PRODUCT-6','SHOES','NIKE','BLUE','M',1200.0);
INSERT INTO PRODUCTS VALUES(10007,'PRODUCT-7','SHOES','ADIDAS','BLACK','M',1200.0);

INSERT INTO SELLERS VALUES(2001,'SELLER-1');
INSERT INTO SELLERS VALUES(2002,'SELLER-2');
INSERT INTO SELLERS VALUES(2003,'SELLER-3');
INSERT INTO SELLERS VALUES(2004,'SELLER-4');

INSERT INTO PRODUCTS_SELLERS VALUES(2001,10001,10);
INSERT INTO PRODUCTS_SELLERS VALUES(2001,10002,20);
INSERT INTO PRODUCTS_SELLERS VALUES(2001,10004,15);
INSERT INTO PRODUCTS_SELLERS VALUES(2002,10001,17);
INSERT INTO PRODUCTS_SELLERS VALUES(2002,10002,18);
INSERT INTO PRODUCTS_SELLERS VALUES(2002,10003,25);
INSERT INTO PRODUCTS_SELLERS VALUES(2002,10005,5);
INSERT INTO PRODUCTS_SELLERS VALUES(2003,10002,6);
INSERT INTO PRODUCTS_SELLERS VALUES(2003,10003,11);
INSERT INTO PRODUCTS_SELLERS VALUES(2003,10005,29);
INSERT INTO PRODUCTS_SELLERS VALUES(2003,10004,43);
INSERT INTO PRODUCTS_SELLERS VALUES(2003,10006,34);
INSERT INTO PRODUCTS_SELLERS VALUES(2003,10007,25);
INSERT INTO PRODUCTS_SELLERS VALUES(2004,10001,36);
INSERT INTO PRODUCTS_SELLERS VALUES(2004,10002,37);
INSERT INTO PRODUCTS_SELLERS VALUES(2004,10003,90);
INSERT INTO PRODUCTS_SELLERS VALUES(2004,10004,56);
INSERT INTO PRODUCTS_SELLERS VALUES(2004,10005,47);
INSERT INTO PRODUCTS_SELLERS VALUES(2004,10006,3);
INSERT INTO PRODUCTS_SELLERS VALUES(2004,10007,29);




